(100000,0)(-24514.8,-11515)(10066,-5052.63)(29889.8,-15109.1)(-791640,-466434)(5.37444e+06,1.22467e+06)(4.20238e+06,2.59332e+07)(-1.36614e+08,-3.30712e+07)(-1.26538e+09,-5.34726e+08)
(18187,0)(10155,7145.06)(3658.51,23479.3)(8802.33,-4262.75)(-179855,12279.1)(-135924,-131431)(10969.9,1.77824e+06)(4.61187e+06,-5.94795e+06)(-1.00572e+06,5.96173e+06)
(9,0)(56.6849,52.7376)(-15.3599,-220.448)(-483.085,602.955)(2927.25,-467.902)(-10118.6,-6473.96)(14123.3,48328.8)(87986.8,-196567)(-834187,412614)
(402,0)(903.302,2411.77)(4659.66,-2025.92)(-5162.66,-9620.51)(-19050.4,13715.5)(33638.2,33422.6)(42025.6,-63342)(-21505.7,9245.3)(286239,-610582)
(349,0)(2200.24,706.888)(-4494.33,-1533.85)(10095.2,3928.83)(-22801.1,-10940.8)(49754.3,29237.3)(-98759.6,-65192.2)(154502,76347.9)(-75052.9,318202)
(17427,0)(26040.4,22903.7)(-351.254,-9420.66)(-1798.23,2995.45)(15110.4,-2405.59)(-117585,-96766.8)(77735.5,660988)(1.22456e+06,-1.69916e+06)(-5.56242e+06,1.193e+06)
(806,0)(2909.73,2688.87)(-437.957,-6313)(-7933.85,9681.19)(27245.2,-3504.58)(-51976.9,-37852.6)(28575.9,154578)(216149,-332168)(-994088,236219)
(3278,0)(4616.12,10041)(5163.33,-6641.65)(-7802.67,-2267.94)(655.61,8721.02)(7455.41,-7099.69)(-21934.3,8507.03)(85206.7,38260.2)(-32487.9,-331042)
(366,0)(775.33,1460.45)(1138.54,-1848)(-3593.53,-109.036)(3139.82,5882.98)(7005.57,-11216.4)(-27390.6,-925.361)(27738.9,51625)(66935.2,-109487)
(549,0)(569.558,2181.69)(2387.96,-915.545)(-1803.22,-3154.21)(-4496.25,3635.17)(7259.02,6564.87)(9508.39,-14311.3)(-27870,-13293.8)(-17297.9,53660)
(940,0)(1997.59,2735.45)(291.672,-3005.78)(-2749.96,2030.61)(4297.64,938.482)(-2881.94,-5218.43)(-2862.72,7761.95)(10896.6,-3980.57)(-14048,-8213.91)
(1423,0)(1455.15,4058.08)(2407.93,-1981.52)(-2622.21,-1581.58)(-698.537,3298.42)(3870.9,-592.993)(-2529.56,-3917.75)(-2422.07,5177.76)(7684.04,-2612.72)
(249,0)(331.05,797.865)(560.709,-606.957)(-958.716,-323.601)(130.123,1385.08)(1778.9,-1004.68)(-2520.73,-1856.06)(-1035.78,4831.82)(7795.05,-1692.52)
(307,0)(241.013,985.586)(827.034,-336.325)(-542.132,-852.201)(-940.535,875.706)(1397.41,1041.54)(1098.17,-2200.48)(-3418.06,-1013.68)(-614.339,5234.47)
(406,0)(538.392,1083.31)(434.054,-755.227)(-835.672,-5.74363)(440.769,792.492)(546.863,-890.48)(-1248.47,-51.9838)(685.244,1369.16)(1084.85,-1569.33)
(461,0)(360.091,1233.7)(695.402,-373.618)(-481.643,-503.596)(-358.255,590.347)(704.089,199.76)(2.56427,-810.658)(-891.89,251.02)(572.242,921.477)
(2797,0)(9344.53,3267.15)(-5935.81,-5264.84)(4439.69,7068.71)(-2724.85,-9476.32)(-2875.83,10967)(19911.9,-1203.58)(-58044,-64246.7)(87644.8,323718)
(320,0)(1368.7,596.562)(-1288.77,-1541.35)(824.743,3313.64)(1337.64,-6363.08)(-8121.42,10454.2)(25307.7,-12360.6)(-61839,-263.381)(124292,62389.1)
(835,0)(2675.47,1539.88)(-865.32,-2619.37)(-909.84,3042.43)(3241.94,-2623.91)(-5751.88,483.026)(7198.3,3952.05)(-5647.48,-10442.3)(-1062.82,17275)
(444,0)(1894.12,339.993)(-2254.96,-517.353)(3328.46,1070.28)(-5447.3,-2324.02)(9421.03,5045.05)(-16823.3,-10896.1)(30656.4,23419.2)(-56647.6,-50124.2)
(1198,0)(3752.09,923.433)(-2627.16,-1421.71)(2308.75,2134.52)(-2026.96,-3140.67)(1382.28,4497.11)(143.096,-6092.63)(-3454.37,7253.73)(9774.68,-5848.37)
(231,0)(809.901,240.523)(-685.982,-493.056)(636.255,877.429)(-474.181,-1488.27)(-28.8041,2403.81)(1265.85,-3645.53)(-3902.83,5047.17)(8978.36,-5969.9)
(371,0)(1098.41,387.674)(-610.492,-622.065)(334.862,811.975)(-4.80751,-1000.22)(-447.659,1124.44)(1046.62,-1103.48)(-1777.18,826.774)(2566.14,-161.793)
(224,0)(781.937,111.564)(-729.06,-149.34)(863.968,259.424)(-1139.7,-460.459)(1588.74,815.499)(-2284.9,-1439.35)(3346.93,2532.17)(-4954.16,-4441.07)
(372,0)(1101.09,182.853)(-729.915,-183.424)(663.239,273.277)(-664.315,-388.22)(689.084,549.015)(-717.546,-770.53)(729.169,1072.1)(-696.5,-1477.23)
(10546,0)(14741.1,11953.4)(-1654.83,-7401.44)(-1270.71,3433.86)(2455.17,-1392.35)(-4994.24,-2543.67)(3605.66,12618.6)(10775.2,-22642.1)(-38513.4,17067.8)
(1728,0)(3627.25,3101.65)(-523.364,-3137.2)(-1464.96,2462.59)(2740.74,-934.878)(-3000.11,-1256.96)(1665.31,3752.36)(2161.29,-5593.58)(-9199.74,4001.31)
(327,0)(787.408,696.227)(-109.401,-938.806)(-624.332,887.267)(1361.12,-316.454)(-1686.96,-924.069)(920.905,2606.12)(1559.44,-3785.88)(-5588.96,2694.97)
(408,0)(765.377,866.497)(212.001,-806.024)(-719.34,298.864)(712.154,409.948)(-119.922,-913.257)(-759.081,754.571)(1260.94,174.481)(-753.67,-1340.2)
(445,0)(1074.58,707.052)(-489.028,-829.034)(22.4332,928.902)(474.65,-892.978)(-984.527,633.954)(1404.36,-90.3383)(-1567.16,-740.246)(1272.96,1758.72)
(548,0)(1024.96,867.027)(-125.625,-682.432)(-267.442,468.353)(437.106,-161.491)(-408.123,-147.22)(211.738,366.627)(75.7122,-420.854)(-341.84,282.357)
(2596,0)(2647.6,4695.78)(1409.09,-2289.55)(-1801.23,-95.4212)(612.126,1219.37)(503.621,-1085.2)(-1243.69,522.37)(1912.09,709.04)(-1112.77,-3240.56)
(510,0)(678.353,1087.23)(381.673,-843.196)(-837.17,131.922)(585.055,644.672)(238.512,-926.8)(-1040.17,358.307)(1036.63,794.244)(106.195,-1584.87)
(641,0)(503.156,1362.37)(751.776,-476.367)(-504.928,-469.149)(-280.028,530.556)(541.588,125.54)(-12.7907,-534.715)(-508.489,140.361)(257.647,462.54)
(671,0)(889.746,1063.28)(-6.37404,-716.976)(-330.465,341.341)(356.856,-5.75176)(-204.3,-196.761)(4.95076,232.227)(133.566,-139.97)(-162.428,4.13034)
(774,0)(608.229,1222.97)(321.99,-355.907)(-256.479,-70.5817)(28.0457,160.551)(87.3348,-63.804)(-67.0791,-34.815)(-0.711641,54.857)(36.8498,-18.0476)
(2489,0)(5204.44,1869.19)(-2292.59,-1896.25)(1109.87,1869.03)(-307.9,-1750.56)(-487.751,1446.96)(1304.38,-710.591)(-1955.5,-811.316)(1853.1,3423.51)
(531,0)(1278.59,552.962)(-674.597,-789.791)(254.86,948.69)(187.297,-1024.74)(-691.757,956.898)(1228.44,-666.653)(-1704.16,80.2994)(1958.43,840.554)
(661,0)(1235.41,684.079)(-270.135,-676.887)(-99.0238,481.649)(265.699,-267.898)(-299.119,64.5637)(239.835,89.8136)(-131.913,-174.097)(17.3763,187.492)
(562,0)(1357.91,278.493)(-896.903,-263.146)(734.434,314.832)(-662.628,-387.151)(626.594,474.491)(-605.997,-578.335)(591.275,701.493)(-576.701,-847.489)
(735,0)(1373.83,367.961)(-527.716,-225.351)(273.283,211.553)(-146.97,-181.924)(70.8557,154.074)(-22.5398,-127.191)(-8.88497,101.553)(28.8125,-77.5984)
(3733,0)(3837.36,2804.01)(-459.858,-1493.83)(-182.97,582.493)(333.048,-176.45)(-390.861,-168.179)(218.903,507.551)(180.867,-646.404)(-600.235,449.056)
(848,0)(1128.21,883.545)(-161.679,-724.456)(-216.199,431.186)(320.285,-143.789)(-264.732,-71.3004)(130.794,182.694)(12.6478,-190.382)(-114.177,121.292)
(939,0)(733.433,976.81)(227.024,-364.861)(-179.607,-19.5038)(29.9366,79.5191)(29.1271,-30.5599)(-20.1907,-7.1238)(0.547167,10.9326)(5.21165,-2.17497)
(888,0)(1178.13,442.168)(-445.823,-243.507)(193.188,158.163)(-87.134,-105.871)(38.9037,70.2906)(-16.3716,-46.1268)(5.96822,30.0719)(-1.36688,-19.6175)
(1058,0)(833.15,523.157)(-100.538,-203.669)(-6.27907,68.9175)(15.8939,-18.8357)(-11.2767,0.914012)(5.08209,4.83768)(-0.328899,-5.15236)(-2.14492,3.19387)
(253,0)(233.694,160.508)(-30.991,-87.5464)(-10.7544,36.9083)(14.0537,-10.996)(-8.86277,0.347831)(3.84124,2.55671)(-0.862823,-2.32586)(-0.371187,1.31628)
(266,0)(172.865,167.755)(9.93907,-54.6981)(-14.1432,7.7746)(4.93634,1.9401)(-0.567615,-1.75115)(-0.355109,0.550754)(0.234487,-0.0256411)(-0.0601283,-0.0600326)
(277,0)(255.67,100.424)(-62.0133,-40.9966)(16.7733,18.7939)(-4.29227,-8.56507)(0.801379,3.79137)(0.0624706,-1.62315)(-0.189466,0.670304)(0.146038,-0.265931)
(262,0)(170.785,95.8317)(-16.5389,-22.0944)(0.747704,6.45181)(0.604623,-1.54495)(-0.358652,0.2932)(0.134326,-0.0234447)(-0.0393182,-0.0141138)(0.00857915,0.0100318)
(27292,0)(-1253.34,10490.2)(-9705.6,-30165.3)(9414.9,-35153.4)(-94004.9,111287)(520241,-151506)(158740,-2.68823e+06)(-9.16616e+06,-1.64818e+06)(-135375,1.61313e+07)
(598,0)(-816.501,3596.41)(7202.18,1158.98)(1603.84,-15979.4)(-35918.8,-2079.66)(-647.745,78543.9)(155716,-15643.8)(-110092,-227749)(66238.5,548644)
(35,0)(-188.474,213.256)(84.0188,774.742)(2112.81,1542.62)(9453.42,-1934.83)(19264.4,-32382.3)(-44372.4,-146131)(-572639,-273514)(-2.48586e+06,1.00309e+06)
(25462,0)(-22117.7,33273.7)(-68.4323,5141.2)(-10935,-8648.44)(-16955.5,17478.2)(52393.9,-18937.4)(-51053.6,-187625)(-314382,120254)(534475,399619)
(4183,0)(-2099.22,12798.5)(8998.7,2847.25)(3998.42,-8800.4)(-8469.98,-5401.84)(-5653.21,3334.87)(-18432.7,-2893.26)(-47939.6,85704.6)(258382,212987)
(649,0)(-21.55,2593.05)(2942.71,-303.88)(-785.352,-4154.14)(-6527.84,1782.55)(3983.46,10859.8)(18625.9,-8857.24)(-19602.2,-32418.6)(-56604.7,43163.8)
(540,0)(-598.132,2154.28)(2191.37,1562.18)(3313.08,-2360.28)(-1963.02,-6591)(-12405.9,-528.775)(-8642.27,21743.6)(34226,29878.5)(78718.2,-44063.7)
(1594,0)(-60.9808,4557.01)(3125.82,90.7337)(112.921,-2921.36)(-3070.76,-145.196)(-182.546,3297.06)(3345.32,214.015)(202.126,-2620.24)(106.554,-46.8354)
(321,0)(76.7151,1032.02)(889.851,-198.712)(-345.699,-967.941)(-1163.81,582.92)(976.267,1464.04)(1872.76,-1625.65)(-2690,-2388.69)(-2981.33,4420.36)
(316,0)(-96.5599,1015.14)(870.154,230.567)(397.382,-935.507)(-1103.99,-665.229)(-1104.11,1350.82)(1659.31,1818.07)(2967.8,-1991.88)(-2256.33,-4797.95)
(463,0)(111.967,1235.37)(725.744,-225.831)(-266.638,-585.883)(-522.988,326.821)(396.864,487.092)(463.124,-479.18)(-575.91,-443.183)(-422.744,689.652)
(494,0)(-149.56,1318.08)(768.312,278.828)(331.06,-610.264)(-530.734,-404.721)(-489.396,475.434)(427.085,587.245)(699.941,-375.776)(-314.845,-829.381)
(1400,0)(-1501.13,3986.04)(2322.88,2023.92)(2656.17,-1454.29)(-511.052,-3291.38)(-3771.43,-845.266)(-2822.57,3642.14)(1834.65,5408.51)(7528.37,3698.15)
(306,0)(-254.834,982.631)(819.512,359.294)(578.067,-832.928)(-897.127,-928.65)(-1469.7,952.631)(928.356,2288.48)(3503.6,-706.906)(-86.3663,-5268.73)
(231,0)(-322.271,743.96)(515.295,591.491)(933.819,-270.714)(204.064,-1337.93)(-1676.95,-1113.39)(-2666.28,1628.85)(551.615,4967.37)(7739.01,2639.47)
(469,0)(-396.633,1251.72)(693.279,417.214)(532.176,-481.944)(-311.474,-643.621)(-752.372,120.777)(-115.359,841.064)(884.978,412.021)(774.395,-850.209)
(394,0)(-547.835,1052.15)(403.248,765.701)(839.026,41.6405)(508.074,-769.472)(-472.161,-965.507)(-1296.04,-96.8721)(-910.37,1327.93)(876.14,1828.63)
(1809,0)(-4480.97,5625.85)(1261.42,5882.51)(6162.56,3116.1)(6766.45,-3436.23)(1885.61,-8639.55)(-6589.23,-13049.9)(-46914,-22492.6)(-205171,85620.7)
(363,0)(-794.187,1449.27)(1314.26,1497.64)(2896.25,-939.611)(525.622,-5209.2)(-8341.55,-4680.04)(-14371.5,10986.6)(8647.78,33877.1)(67772.1,10124.2)
(157,0)(-513.085,623.075)(213.134,1170.81)(1929.41,1103.14)(4363.88,-1602.17)(3548.21,-9763.39)(-12058.1,-21024.2)(-57333.8,-10538.2)(-111034,90809.5)
(821,0)(-1798.34,2401.37)(689.313,2062.71)(2392.59,803.908)(2632.64,-1845.05)(141.443,-4457.17)(-5076.78,-4069.95)(-9562.42,2431.8)(-5968.83,14200.8)
(468,0)(-1527.7,1361.71)(-644.875,2199.12)(1116.03,3072.69)(4401.52,2881.95)(8944.17,-548.829)(12005.6,-10159.5)(6307.7,-27342.5)(-20392.1,-46139.8)
(13540,0)(-6701.24,15428.4)(3084.65,3560.63)(1475.8,-1029.06)(1114.69,-908.353)(1583.91,-4572.32)(-5858.03,-6248.29)(-10430.4,4319.28)(-2504.01,12946)
(3006,0)(-119.638,5405.59)(2322.95,117.581)(99.2367,-1376.37)(-877.744,-90.0607)(-79.591,388.85)(-176.271,57.5221)(11.0449,900.35)(1807.46,73.6428)
(641,0)(151.572,1362.65)(797.622,-263.648)(-313.786,-566.776)(-432.465,356.02)(397.759,331.649)(240.933,-438.216)(-475.024,-149.596)(-51.9136,505.044)
(655,0)(-196.259,1393.26)(807.535,316.538)(372.56,-560.619)(-409.427,-418.708)(-461.485,289.467)(177.025,498.798)(526.736,-61.7225)(61.189,-540.464)
(834,0)(200.827,1317.25)(405.255,-234.225)(-147.023,-168.73)(-75.1384,98.6585)(64.5811,32.2691)(12.9202,-41.8198)(-27.0492,-4.28385)(-0.642321,17.6158)
(876,0)(-268.147,1388.84)(417.048,288.595)(183.4,-162.302)(-62.6271,-121.598)(-77.7855,18.9974)(1.28209,48.5544)(29.8369,4.95518)(6.24764,-18.2228)
(2623,0)(-2821.29,4727.5)(1330.63,2420.46)(1868.72,40.0218)(755.46,-1203.47)(-408.474,-1186.97)(-1245.27,-677.136)(-2068.32,526.755)(-1569.71,3233.72)
(637,0)(-537.637,1357.6)(738.87,516.802)(547.64,-443.086)(-238.156,-571.069)(-574.622,66.8983)(-87.4111,554.581)(509.631,228.371)(354.79,-440.134)
(505,0)(-701.773,1073.34)(351.731,866.326)(844.603,183.903)(651.509,-615.575)(-155.131,-982.279)(-1041.22,-496.732)(-1197.31,689.619)(-138.476,1689.84)
(808,0)(-687.679,1276.84)(318.562,409.821)(289.561,-47.6216)(56.1626,-174.294)(-86.2394,-88.8849)(-84.7004,24.2991)(-13.905,63.5918)(37.4771,32.3425)
(673,0)(-930.585,1065.92)(-35.086,746.557)(330.181,383.263)(386.268,36.4851)(247.137,-195.26)(36.5953,-261.024)(-131.093,-182.136)(-189.429,-35.1878)
(4277,0)(-93.0413,3197.7)(627.295,118.169)(117.847,-146.655)(49.8432,-84.1103)(-40.4906,-127.183)(-128.238,5.49599)(-14.8682,100.277)(61.5437,22.5233)
(1060,0)(253.39,1096.25)(265.16,-128.647)(-64.0051,-81.5484)(-24.9286,31.5502)(14.4298,4.18133)(-2.94464,-4.88196)(0.411399,4.5471)(3.84726,-3.00789)
(244,0)(91.4357,288.603)(83.5289,-66.9964)(-41.147,-24.6956)(-4.51884,23.7076)(12.8044,-2.14614)(-3.64782,-6.32084)(-2.68444,3.27171)(2.38151,0.800029)
(261,0)(28.2392,307.915)(101.545,-7.08776)(-3.31283,-42.2652)(-19.7537,1.77556)(0.94598,9.86428)(5.13888,-0.48901)(-0.241578,-2.75812)(-1.51391,0.110926)
(281,0)(106.409,254.63)(35.2843,-53.2571)(-19.3325,-2.24236)(2.339,6.34854)(1.69356,-1.80961)(-0.895059,-0.272906)(0.0539026,0.355633)(0.116411,-0.0770865)
(274,0)(27.9871,248.51)(48.0881,-3.31868)(-2.26497,-13.3033)(-4.15688,1.04164)(0.483977,1.36349)(0.461325,-0.222431)(-0.101039,-0.158012)(-0.0540923,0.0454723)
(982,0)(-294.095,1020.48)(292.74,241.929)(149.648,-76.1963)(-5.18561,-82.8386)(-41.5407,-15.1748)(-17.3088,17.8802)(5.3658,13.5704)(8.82367,0.481856)
(1144,0)(273.025,564.411)(51.4877,-64.433)(-13.1303,-3.77998)(2.01017,2.47338)(-0.630259,-2.43342)(-1.14689,1.27073)(0.915501,0.233405)(-0.102304,-0.443239)
(262,0)(99.0095,165.98)(19.2149,-40.3683)(-12.8006,1.8068)(2.77153,3.13512)(0.375658,-1.40522)(-0.503024,0.170718)(0.159887,0.122151)(0.00457504,-0.078277)
(295,0)(30.5439,186.388)(35.9856,-4.35311)(-0.870198,-8.41346)(-2.18904,0.20058)(0.0415432,0.610548)(0.178368,-0.00497958)(0.00148656,-0.0538285)(-0.016629,-0.00159016)
(301,0)(115.26,110.502)(-8.68756,-21.0306)(-0.420483,3.7053)(0.41242,-0.546041)(-0.121365,0.0556386)(0.026676,4.46982e-05)(-0.00515544,-0.00192205)(0.000990755,0.000727577)
(286,0)(29.438,103.585)(6.06536,-0.854777)(-0.480339,-0.488809)(-0.0541103,0.0749815)(0.0123436,0.00240517)(-0.000255392,-0.0020784)(-0.000308091,0.000140786)(3.8087e-05,4.37742e-05)
(1091,0)(-343.212,542.858)(38.927,87.0627)(18.7697,2.872)(4.80069,-3.36847)(1.04668,-3.38204)(-1.20258,-1.82921)(-1.21581,-0.0300456)(-0.35356,0.502239)
(258,0)(-43.4146,163.916)(31.2834,9.66)(2.78937,-7.14888)(-1.8035,-0.873671)(-0.276089,0.486197)(0.137527,0.0867573)(0.0271203,-0.0404133)(-0.0122538,-0.00845708)
(282,0)(-124.712,179.45)(16.613,50.0558)(15.1352,5.0106)(4.42163,-3.09682)(0.0610504,-1.96158)(-0.584597,-0.468657)(-0.287466,0.0727242)(-0.0472087,0.111032)
(262,0)(-43.8635,94.6667)(5.00666,3.22058)(0.775737,-0.249103)(0.00198885,-0.108247)(-0.0140252,-0.00897615)(-0.0023388,0.00151367)(5.29118e-05,0.000470568)(7.96039e-05,2.62818e-05)
(289,0)(-127.747,105.574)(-12.4733,22.5761)(-0.225345,4.68775)(0.401464,0.864249)(0.159595,0.128328)(0.0434522,0.0113179)(0.00988874,-0.0012565)(0.00203577,-0.0010091)
(3634,0)(-3946.89,2719.49)(-558.601,1499.75)(119.275,601.621)(282.483,198.536)(363.299,-132.553)(235.831,-481.865)(-137.675,-675.767)(-590.914,-544.449)
(951,0)(-807.12,991.298)(209.568,407.966)(197.622,4.55299)(49.215,-81.944)(-24.6048,-42.1134)(-25.3173,1.2537)(-5.19426,12.1642)(4.70898,5.04339)
(779,0)(-1081.19,810.812)(-182.381,691.26)(188.58,435.659)(310.597,168.067)(277.715,-48.149)(157.367,-175.944)(11.9969,-204.467)(-105.266,-149.3)
(1003,0)(-843.307,494.288)(-114.515,205.785)(2.01529,76.2443)(16.2147,23.5287)(12.7963,3.10099)(6.65803,-4.25789)(1.47251,-5.58281)(-1.68698,-4.07788)
(250,0)(-178.905,158.841)(4.76575,57.517)(14.0394,10.7262)(6.03632,-1.06745)(1.19926,-1.90098)(-0.228358,-0.815892)(-0.290404,-0.143662)(-0.115521,0.0465673)
(240,0)(-235.705,151.727)(-36.7659,87.6258)(8.00559,39.9371)(13.9261,13.7493)(9.89012,1.84293)(4.9559,-2.16457)(1.59866,-2.54017)(-0.0627518,-1.7053)
(270,0)(-192.451,97.5281)(-22.2152,24.8757)(-2.02738,8.10433)(0.468543,2.24789)(0.43061,0.534242)(0.197693,0.0876108)(0.0707515,-0.00447646)(0.0204966,-0.0124387)
(243,0)(-238.767,87.7588)(-61.8094,37.9692)(-18.1789,18.5864)(-5.22156,9.06776)(-1.2252,4.31112)(-0.0776671,1.9899)(0.171997,0.889747)(0.168128,0.384098)
(901,0)(-1252.62,446.804)(-495.48,255.393)(-226.786,173.406)(-109.318,121.367)(-53.0738,84.2555)(-25.1364,57.811)(-11.2597,39.3837)(-4.53529,26.8173)
(5930,0)(-14278.2,6767.34)(-5929.43,7774.06)(-1277.57,8990.87)(4759.69,9456.81)(16884.5,5255.32)(36544.2,-18212.7)(47540.9,-91523.3)(-17638.3,-251535)
(1690,0)(-3640.77,3069.99)(-540.295,3197.6)(1501.97,2556.53)(2861.01,1024.66)(3224.02,-1222.71)(2030.34,-3881.41)(-1709.03,-6188.38)(-9251.03,-5540.31)
(444,0)(-860.313,946.258)(210.432,910.965)(803.176,377.487)(851.145,-423.689)(221.047,-1059.5)(-821.626,-977.877)(-1541.87,51.953)(-1115.07,1529.24)
(321,0)(-796.121,680.285)(-141.374,943.792)(593.611,938.982)(1388.74,422.19)(1853.58,-820.662)(1264.34,-2672.28)(-1187.13,-4283.99)(-5691.51,-3794.42)
(513,0)(-992.318,810.379)(-147.408,661.661)(240.734,480.538)(431.776,195.801)(435.574,-114.674)(263.834,-362.544)(-26.0156,-461.116)(-330.215,-359.651)
(412,0)(-1022.54,654.866)(-488.553,787.869)(-52.6543,912.1)(435.272,917.005)(970.019,706.674)(1459.96,197.195)(1736.21,-650.281)(1570.37,-1780.49)
(784,0)(-2558.03,1440.06)(-1576.14,2887.32)(237.554,4619.01)(4113.96,6000.38)(11191.1,4980.06)(21390.3,-2895.04)(30324.3,-25016.4)(23371.9,-69600.8)
(2315,0)(-4976.26,1689.29)(-2295.27,1729.87)(-1207.56,1785.45)(-448.948,1748.4)(335.964,1535.31)(1188.46,893.903)(1951.41,-564.205)(2050.62,-3243.71)
(567,0)(-1094.48,589.586)(-260.591,603.502)(73.0178,449.895)(238.645,268.532)(287.777,82.7035)(247.705,-71.0865)(152.075,-167.395)(37.8631,-197.088)
(474,0)(-1173.3,494.832)(-642.842,725.791)(-267.67,898.501)(146.612,1006.55)(647.528,986.602)(1218.59,749.335)(1778.37,196.71)(2165.43,-749.8)
(749,0)(-1450.27,374.778)(-582.135,238.373)(-316.043,231.569)(-179.861,206.909)(-94.4602,182.298)(-37.3104,156.912)(2.39554,131.091)(29.8498,105.395)
(525,0)(-1301.41,261.846)(-880.262,254.01)(-739.663,312.164)(-685.432,394.094)(-666.188,495.989)(-662.693,621.025)(-665.58,774.083)(-668.818,961.304)
(1141,0)(-3670.02,835.627)(-2709.81,1283.24)(-2549.93,1996.98)(-2486.34,3040.14)(-2156.5,4502.5)(-1078.23,6305.91)(1609.53,7800.65)(7083.22,6800.11)
(308,0)(-930.522,319.114)(-535.215,523.614)(-314.489,701.12)(-40.5213,890.343)(353.912,1040.36)(904.398,1078.97)(1617.78,899.061)(2451.97,358.778)
(216,0)(-769.592,225.914)(-663.373,470.135)(-629.817,850.204)(-489.683,1467.25)(-12.5734,2414.95)(1212.77,3741.19)(3907.45,5315.14)(9241.44,6523.6)
(368,0)(-1112.37,182.275)(-754.673,187.525)(-701.391,285.016)(-718.909,413.695)(-763.934,597.814)(-816.234,857.585)(-853.528,1220.09)(-843.848,1719.82)
(249,0)(-886.282,120.996)(-842.229,163.197)(-1019.15,288.135)(-1374.71,520.164)(-1962.65,937.25)(-2896.46,1683.53)(-4364.05,3015.32)(-6663.99,5386.52)
(1197,0)(-5196.25,1778.45)(-1996.35,1294.92)(799.814,1294.86)(-4271.2,-5908.19)(-20529.2,-19773.5)(-70582.7,-41796.9)(-153143,-193637)(-440054,-1.19868e+06)
(279,0)(-1320.6,930.381)(-201.63,2308)(2437.83,3292.72)(8047.31,2024.39)(16097.2,-7313.03)(18592.8,-33718)(-7795.38,-85208.4)(-115890,-158173)
(11,0)(-75.0294,36.4797)(-108.059,153.253)(-64.5888,521.901)(579.488,1534.02)(4052.13,3622.61)(18113.1,4704.34)(64536.6,-14077.7)(185146,-148103)
(861,0)(-4076.4,1093.59)(-3700.15,1240.17)(-4729.59,3625.35)(-6499.99,8181.84)(-7335.36,18464.7)(-3609.14,40606.8)(17270,85635.6)(89723.9,171725)
(46,0)(-314.534,54.3008)(-617.202,117.322)(-1479.34,368.199)(-3914.12,1257.13)(-10928.1,4292.57)(-31452.8,14464)(-92208.8,47990.6)(-273621,156545)
(21670,0)(11476.9,-4237.76)(15721.6,-27032.7)(23224.9,19568.5)(-226910,-20793.8)(-284477,59344.7)(259860,-2.39532e+06)(4.78291e+06,6.78045e+06)(6.42175e+06,-6.47809e+06)
(384,0)(2417.24,-642.633)(-4995.48,1196.24)(11490.8,-2655.74)(-26987.7,6822.73)(62364.8,-17568.1)(-133909,38047.3)(232226,-40116.2)(-123234,-213262)
(20517,0)(30029.3,-21257.9)(350.937,5229.71)(8025.74,9336.74)(-27492.6,-5429.28)(-14849.5,20807.4)(37801.1,-197247)(99321.5,353628)(381570,-245379)
(3027,0)(10101.7,-2329.9)(-7534.18,3532.3)(7454.58,-5481.76)(-7119.43,8107.66)(2817.13,-10136.3)(15194.9,2992.31)(-69601.7,48043.7)(198574,-256645)
(463,0)(1982,-142.901)(-2395.95,58.2545)(3631.73,-28.2749)(-6166.28,-23.2883)(11164.5,220.301)(-21037.5,-878.527)(40723,2855.05)(-80354.1,-8431.45)
(1182,0)(3735.06,-365.203)(-2832.66,569.379)(2880.59,-904.23)(-3250.54,1428.43)(3725.8,-2241.78)(-4024.02,3428.11)(3406.19,-4921.83)(-208.877,6118.76)
(239,0)(836.662,-9.39542)(-789.388,-39.7013)(954.917,83.4252)(-1296.47,-158.764)(1874.71,299.912)(-2818.17,-565.107)(4347.48,1062.29)(-6828.66,-1992.29)
(360,0)(1062.88,-15.4064)(-713.205,-50.3886)(668.151,55.7203)(-705.703,-71.9522)(794.519,90.9554)(-932.927,-113.464)(1128.3,139.291)(-1395.45,-167.404)
(250,0)(877.53,-147.239)(-798.169,328.285)(888.994,-602.975)(-1046.36,1078.16)(1199.67,-1896.48)(-1215.71,3277.3)(804.499,-5548.93)(639.493,9169.73)
(333,0)(985.783,-195.343)(-620.778,342.79)(504.955,-459.884)(-416.669,616.105)(304.683,-805.946)(-137.638,1029.37)(-116.906,-1280.96)(496.179,1547.53)
(369,0)(1575.92,-512.538)(-1647.25,1375.45)(1704.69,-3059.69)(-916.913,6334.29)(-2766.52,-12186.3)(14249.1,21118.9)(-44091.4,-30400.9)(112273,25929)
(1013,0)(3180.14,-1380.94)(-1950.84,2082.8)(1069.58,-3023.89)(286.792,4046.78)(-2631.93,-4818.73)(6396.46,4440.73)(-11540.6,-884.368)(15883.9,-9622.61)
(214,0)(748.815,-245.181)(-652.47,394.964)(660.386,-689.615)(-643.141,1181.66)(470.24,-1965.03)(84.4766,3156.22)(-1432.55,-4862.27)(4297.45,7098.46)
(353,0)(1041.98,-399.83)(-612.064,492.438)(405.796,-679.488)(-167.82,878.932)(-178.529,-1068.08)(683.921,1186.75)(-1381.24,-1135.23)(2264.86,763.955)
(183,0)(641.721,-308.767)(-454.863,606.077)(179.819,-1020.07)(461.212,1522.03)(-1804.54,-1883.27)(4213.95,1469.83)(-7793.47,1073.1)(11617.3,-8128.73)
(263,0)(777.475,-443.648)(-304.529,678.315)(-119.851,-812.995)(671.922,774.871)(-1304.02,-388.411)(1803.47,-509.943)(-1769.16,1968.61)(646.842,-3747.64)
(11847,0)(16480.3,-8944.65)(-3512.96,5572.78)(433.79,-2911.9)(1530.85,1612)(-5002.26,1528.06)(6656.06,-9320.64)(-2072.27,19545.3)(-13011.4,-27186.2)
(2614,0)(5426.72,-820.453)(-2622.65,842.183)(1686.19,-872.569)(-1145.62,895.007)(577.176,-871.216)(159.207,688.067)(-1196.7,-152.477)(2574.35,-1013.59)
(535,0)(1291.31,-26.45)(-868.403,-53.9042)(736.497,86.3232)(-699.353,-118.563)(706.552,160.413)(-740.704,-216.017)(794.739,289.678)(-865.191,-386.837)
(784,0)(1467.43,-31.3506)(-588.432,-72.2744)(337.614,41.9546)(-220.061,-31.6433)(152.358,22.3763)(-110.475,-14.9712)(82.7963,9.18746)(-63.7357,-4.68004)
(560,0)(1349.5,-333.972)(-831.763,516.819)(574.602,-657.667)(-358.585,796.518)(116.149,-926.644)(184.352,1026.23)(-558.947,-1062.38)(1009.86,990.74)
(735,0)(1376.26,-431.951)(-458.191,468.682)(158.165,-365.028)(-11.6128,275.962)(-63.437,-192.307)(95.1963,120.709)(-100.885,-64.0028)(91.6868,22.4695)
(3943,0)(4039.61,-1191.27)(-1055.35,619.925)(290.821,-317.195)(58.3428,131.943)(-241.563,32.419)(292.599,-183.505)(-247.768,292.614)(145.506,-339.78)
(945,0)(1255.61,-43.9879)(-504.82,-53.106)(245.22,56.3181)(-131.122,-46.805)(73.7472,37.3869)(-42.3038,-29.4573)(24.1744,22.939)(-13.4355,-17.6378)
(1092,0)(858.228,-39.5274)(-168.793,12.3996)(44.1705,-4.0769)(-11.1494,0.986604)(0.606474,0.126331)(2.05529,-0.503169)(-2.19278,0.555405)(1.63663,-0.467204)
(289,0)(266.581,25.8112)(-69.1056,-21.8857)(21.5907,11.6942)(-7.22936,-5.88865)(2.42651,2.91477)(-0.765077,-1.42186)(0.200212,0.681738)(-0.0227072,-0.319999)
(283,0)(183.18,24.8252)(-22.0423,-13.4065)(3.65278,3.16027)(-0.674486,-0.839427)(0.123598,0.21682)(-0.0236741,-0.0559152)(0.00475118,0.0147138)(-0.00101891,-0.00399384)
(259,0)(237.602,-46.6502)(-58.8618,31.0119)(16.6118,-15.7417)(-4.54089,7.55277)(0.95389,-3.5033)(0.0249018,1.56381)(-0.208325,-0.663533)(0.17863,0.261638)
(261,0)(170.592,-47.0565)(-18.3696,19.644)(2.10245,-4.85552)(-0.0815243,1.2241)(-0.0789072,-0.284722)(0.0397851,0.0611902)(-0.0138381,-0.0121265)(0.00417627,0.0021972)
(876,0)(1163.95,-518.394)(-353.82,458.491)(55.3058,-323.554)(64.9279,197.758)(-102.289,-98.0603)(97.6264,27.1406)(-73.2349,16.8236)(42.853,-38.0696)
(1030,0)(802.836,-607.211)(-66.5624,233.803)(-27.9459,-73.0807)(25.6065,15.1678)(-14.2189,3.28767)(4.77075,-7.82579)(1.41804,6.56195)(-4.07607,-3.06677)
(260,0)(239.532,-118.621)(-53.8398,50.527)(11.5853,-22.8893)(-1.13178,9.96249)(-0.972304,-4.05282)(0.977938,1.50548)(-0.623888,-0.48655)(0.334106,0.117787)
(267,0)(172.62,-122.415)(-12.2305,29.565)(-1.84968,-7.85983)(1.63232,1.4874)(-0.656803,-0.0832311)(0.184582,-0.0975248)(-0.0310231,0.0610259)(-0.00333137,-0.022869)
(239,0)(221.687,-175.083)(-20.9322,94.8259)(-18.963,-37.8214)(18.8688,8.5203)(-10.5004,2.7788)(3.50881,-4.8318)(0.193609,3.39095)(-1.34196,-1.46028)
(264,0)(171.178,-192.727)(19.8028,61.743)(-19.6533,-6.15232)(5.90693,-4.44151)(0.0790926,2.80794)(-0.918379,-0.605949)(0.406839,-0.163327)(-0.0379118,0.172163)
(2111,0)(4401.74,-2897.83)(-1241.23,2905.97)(-449.073,-2520.26)(1608.35,1693.26)(-2364.25,-408.924)(2442.03,-1489.97)(-1025.92,4019.18)(-3353.04,-6180.97)
(491,0)(1188.6,-555.351)(-680.893,628.76)(378.547,-746.339)(-93.0291,845.225)(-223.811,-891.675)(579.777,853.205)(-959.944,-696.684)(1330.52,392.47)
(654,0)(1226.71,-744.048)(-330.812,563.672)(-5.52687,-452.627)(180.24,297.668)(-254.878,-134.939)(250.26,-13.7241)(-186.254,127.209)(85.9878,-189.93)
(407,0)(983.777,-685.182)(-326.417,941.843)(-302.089,-1011.87)(994.247,767.472)(-1597.23,-53.0728)(1763.7,-1186.07)(-1007.19,2738.21)(-1113.43,-3948.4)
(559,0)(1045.57,-937.636)(39.2094,884.201)(-545.277,-474.601)(664.755,-59.9321)(-407.283,510.913)(-88.9779,-655.329)(552.903,401.418)(-703.123,127.827)
(3179,0)(3265.53,-4380.4)(658.664,2180.72)(-1205.86,-426.997)(727.588,-454.676)(-200.971,790.067)(-501.084,-907.427)(1443.32,359.516)(-1709.65,1248.51)
(788,0)(1047.28,-892.946)(-226.985,582.539)(-71.6701,-346.487)(160.631,158.727)(-149.254,-30.2834)(98.1658,-38.2342)(-43.7802,59.294)(4.31138,-51.503)
(911,0)(711.763,-1035.01)(132.558,285.836)(-136.763,-26.537)(46.2311,-46.448)(5.91756,33.6864)(-17.027,-7.95784)(9.35479,-5.34526)(-0.60165,6.33853)
(692,0)(917.105,-1162.39)(201.178,911.73)(-664.261,-333.337)(604.675,-272.929)(-162.117,613.514)(-374.219,-514.065)(658.035,36.1438)(-472.667,517.797)
(788,0)(619.222,-1319.89)(562.688,471.277)(-390.364,244.583)(-76.2205,-315.76)(242.927,19.1375)(-71.1274,175.556)(-116.975,-94.9635)(100.44,-68.9796)
(1170,0)(3951.08,-3158.25)(-1048.55,4509.08)(-2540.45,-5422.78)(6738.05,3751.81)(-10213.6,1370.26)(9693.59,-12221.9)(12966.4,39329.6)(-159345,-67614.5)
(235,0)(1006.64,-579.953)(-933.977,1184.74)(571.911,-2431.56)(979.925,4551.34)(-5594.79,-7326.59)(16752.3,8755.58)(-39571.7,-1890.34)(78113.1,-31434)
(573,0)(1825.89,-1417.45)(-524.064,1823.18)(-904.862,-2261.48)(2969.27,1770.1)(-5287.33,635.393)(6148.35,-6050.39)(-1946.34,14376.5)(-12580.1,-21726.8)
(94,0)(400.818,-333.013)(-141.252,808.118)(-826.654,-1414.85)(3454,1223.85)(-8180.55,3091.74)(10569.6,-19023.8)(10835.1,54691.4)(-114173,-90863.4)
(268,0)(857.274,-949.386)(397.938,1506.17)(-2250.31,-930.111)(3726.71,-2138.1)(-1093.21,7963.37)(-10886.5,-11087.8)(30428.9,-3567.31)(-31657.6,52266.7)
(4473,0)(6104.04,-11856.6)(5757.65,7331.27)(-8690.42,2190.29)(2468.36,-8859.49)(3689.27,11303.1)(-23429.5,-23020.1)(108898,-13026.4)(-127504,301715)
(1167,0)(2430.56,-2816.92)(414.742,2807.31)(-2455.78,-1551.86)(3159.63,-973.597)(-1637.21,3714.26)(-2232.22,-4886.14)(7495.14,2496.72)(-11740.3,6088.11)
(311,0)(750.494,-689.404)(-168.425,827.708)(-423.062,-810.442)(1025.74,439.986)(-1393.08,398.066)(1116.89,-1600.55)(198.262,2686.65)(-2594.5,-2750.29)
(374,0)(699.192,-828.304)(123.18,670.87)(-547.317,-311.466)(608.571,-226.537)(-241.216,677.753)(-421.807,-719.783)(985.693,168.458)(-938.705,793.432)
(186,0)(449.203,-512.009)(85.2238,683.431)(-735.987,-504.533)(1259.2,-314.532)(-932.59,1788.11)(-1164.43,-3055.92)(5109.71,1937.45)(-8277.55,4324.57)
(296,0)(555.244,-814.862)(393.309,747.043)(-937.786,-48.9398)(657.187,-977.012)(669.34,1421.84)(-2168.34,-212.446)(1835.96,-2495.55)(1750.49,4128.72)
(1964,0)(1990.91,-4765.91)(2303.04,2313.27)(-2602.34,1063.3)(27.8232,-2715.03)(2490.98,1270.15)(-2661.75,1520.44)(909.579,-3813.52)(3372.65,5617.46)
(504,0)(668.585,-1119.12)(278.155,773.055)(-659.34,-174.888)(487.085,-417.634)(68.3161,636.226)(-582.457,-311.971)(617.535,-324.416)(-80.4722,742.643)
(636,0)(495.975,-1414.73)(627.228,421.789)(-446.054,339.501)(-152.825,-439.697)(414.298,-3.57963)(-122.335,366.26)(-294.258,-227.69)(309.411,-199.03)
(381,0)(505.747,-1051.51)(594.489,803.521)(-1077.45,175.372)(412.385,-1272.65)(1233.56,1243.77)(-2284.97,715.136)(591.956,-3320.46)(3845.67,2971.46)
(443,0)(347.039,-1223.61)(883.576,419.824)(-581.389,766.489)(-695.723,-804.839)(1095.89,-608.689)(461.207,1465.12)(-1921.35,205.949)(216.409,-2468.02)
(535,0)(1131.75,-1894.64)(1181.98,2411.41)(-4086.43,-467.124)(4446.74,-5474.13)(4056.03,12289.7)(-24057.8,-6221.73)(36284.1,-33383.1)(16756.7,98924.2)
(807,0)(842.158,-2866.69)(2825.57,1223.4)(-2150.13,3313.36)(-4151.83,-3872.41)(6909.03,-5273.36)(6539.61,12173)(-21213.4,7598.91)(-7641.49,-36652.7)
(10,0)(64.6841,-55.3938)(-34.9633,239.553)(-450.438,-715.705)(3090.22,1010.92)(-12381.9,4674.88)(29228.4,-47550.4)(20350.4,239484)(-666734,-805365)
(759,0)(1729.66,-4228.21)(7690.13,3703.23)(-8709.4,14723.8)(-26381.4,-20895.6)(44917.3,-40147.7)(37739.2,65257.6)(62434.1,-41603)(312272,1.06472e+06)
(32851,0)(-664.822,-5198.61)(-7286.33,29170.8)(4427.89,-124.779)(37195,-15192)(168171,305394)(69956.7,1.33896e+06)(-3.44392e+06,2.75572e+06)(-1.09094e+07,-2.06482e+06)
(30224,0)(-25685.9,-31558.5)(797.352,-4422.72)(-13417.9,11723.7)(-9842.2,-14455)(61190.9,42382.6)(-69564.9,216216)(-313802,-76357.7)(-41747.2,-213530)
(15179,0)(-7447.28,-11326)(971.106,-2426.23)(282.535,275.971)(2040.76,105.9)(2755.51,3971.6)(-2215.97,5197.15)(-4680.05,288.046)(-6295.26,-2950.22)
(4538,0)(-127.114,-1354.12)(93.7843,-9.51332)(-7.69369,16.2321)(51.2619,-3.50444)(3.1527,34.0101)(-12.6391,1.6285)(-0.353837,-4.49963)(-5.85162,0.0381151)
(1184,0)(276.253,-49.4152)(-14.8471,1.41715)(1.65822,0.907402)(1.73006,-0.231481)(-1.10556,0.2615)(0.322831,-0.125632)(-0.0755022,0.0369358)(0.00903091,-0.00807966)
(313,0)(118.157,28.2343)(-13.625,-10.3183)(1.40967,2.62614)(-0.0361324,-0.581976)(-0.0446637,0.115565)(0.0201006,-0.0194821)(-0.00624795,0.00216983)(0.00160407,0.000173394)
(292,0)(30.6062,26.7347)(1.76913,-1.51422)(-0.019274,-0.169682)(-0.0146257,-0.00694875)(-0.00108192,0.000858339)(-1.18216e-05,9.68877e-05)(3.37354e-06,1.46241e-05)(3.25976e-06,9.43481e-07)
(257,0)(96.8927,-46.7841)(-8.70641,13.6531)(0.0191119,-3.02869)(0.333134,0.536273)(-0.12728,-0.0615961)(0.0331145,-0.00391526)(-0.00628849,0.00522083)(0.000595711,-0.00197885)
(322,0)(33.5949,-59.3717)(5.01499,2.20076)(-0.0582645,0.497318)(-0.0509794,0.0133574)(-0.00352367,-0.00528785)(0.000520831,-0.000609467)(9.11082e-05,3.67807e-05)(2.24053e-06,1.19454e-05)
(1179,0)(-358.354,-60.2038)(-25.936,-8.60148)(-2.38351,-1.16424)(1.88338,-0.194584)(1.4992,0.213812)(0.554438,0.182704)(0.156699,0.084893)(0.0286103,0.0303104)
(283,0)(-47.6662,25.6878)(1.07031,2.86843)(0.101838,-0.10493)(-0.0130172,0.000642367)(0.000329358,0.00116944)(4.55271e-05,-2.72931e-05)(-5.13197e-06,5.93005e-06)(1.55641e-06,1.437e-06)
(297,0)(-130.349,26.8229)(-17.1857,11.2121)(-2.22054,3.18966)(-0.180324,0.800155)(0.0316446,0.183976)(0.0242236,0.0378054)(0.00932467,0.00628577)(0.00285613,0.000506386)
(304,0)(-50.5249,-56.5312)(4.18166,-4.46523)(0.338225,0.365236)(-0.0367276,0.0231562)(-0.00196771,-0.00429775)(0.000505601,-0.00030343)(5.79733e-05,4.23268e-05)(2.06382e-06,9.27804e-06)
(295,0)(-129.473,-54.8888)(-14.159,-18.3778)(-0.643928,-4.72246)(0.416533,-1.01724)(0.218278,-0.166967)(0.0725195,-0.00862171)(0.018581,0.00833061)(0.00335634,0.00485754)
(1108,0)(266.445,-653.883)(79.2978,78.0177)(-21.7702,9.07105)(1.83845,-5.6438)(0.249161,3.17854)(-1.86888,-1.33048)(1.29352,-0.639992)(0.0140959,0.802154)
(273,0)(104.02,-124.418)(-3.5544,24.3519)(-2.20476,-3.77697)(0.826054,0.288214)(-0.170622,0.0618721)(0.0197382,-0.0311447)(0.000387513,0.007062)(-0.000660693,-0.00102482)
(286,0)(29.9788,-132.24)(10.9479,1.29998)(-0.686846,1.31045)(-0.187511,-0.143901)(0.0316925,-0.0223844)(0.002235,0.00696245)(-0.00145106,1.96614e-05)(8.00731e-05,-0.000295168)
(274,0)(103.956,-198.554)(29.2994,47.9323)(-17.6196,0.26732)(3.05994,-5.37728)(1.15477,2.02324)(-0.919836,-0.0176098)(0.199726,-0.318789)(0.0712854,0.14098)
(275,0)(29.4446,-199.352)(43.1025,5.00586)(-1.33563,11.4047)(-3.36957,-0.429372)(0.140667,-1.06685)(0.353765,0.0449487)(-0.013833,0.121349)(-0.0427554,-0.00405153)
(1067,0)(-317.726,-616.24)(63.2104,-88.8741)(23.0836,3.48874)(3.2834,5.39773)(0.147958,3.41382)(-1.69445,1.6883)(-1.49389,-0.330688)(-0.26145,-0.837644)
(298,0)(-50.8397,-136.222)(10.5004,-5.19734)(1.44479,1.03322)(-0.0935225,0.279063)(-0.0529187,0.00462022)(-0.00469196,-0.00939502)(0.00142674,-0.00160438)(0.000427465,0.000159425)
(268,0)(-119.2,-121.539)(-7.68542,-27.0142)(1.75619,-5.20572)(0.983485,-0.696809)(0.27617,-0.00178895)(0.0528844,0.0346605)(0.00597839,0.0128393)(-0.000177889,0.00305686)
(256,0)(-43.1169,-185.208)(39.4301,-10.7734)(3.59172,10.158)(-2.89621,1.29201)(-0.467023,-0.880105)(0.279622,-0.167553)(0.0596585,0.0920873)(-0.03132,0.0211152)
(245,0)(-107.363,-177.699)(22.8363,-48.6457)(17.2648,-2.51623)(4.22549,4.73784)(-0.628398,2.39904)(-0.961315,0.333147)(-0.346142,-0.259856)(0.00899192,-0.189244)
(3897,0)(-4189.49,-1182.65)(-1138.94,-647.804)(-337.711,-348.266)(38.085,-157.021)(249.048,15.5963)(329.292,183.277)(305.198,318.755)(207.526,395.23)
(1105,0)(-922.711,-49.9598)(-187.82,-17.4569)(-51.9676,-5.34241)(-14.7188,-1.62719)(-1.9648,-0.238601)(1.86348,0.344043)(2.52752,0.54916)(2.11829,0.553283)
(282,0)(-201.024,26.5337)(-27.3952,15.3322)(-5.12478,4.12296)(-1.05154,1.21944)(-0.214203,0.349793)(-0.0443863,0.0990934)(-0.00944436,0.0281174)(-0.0021719,0.00808624)
(278,0)(-273.103,24.2604)(-75.0172,22.0373)(-25.0491,12.4413)(-9.04006,6.63746)(-3.31479,3.48757)(-1.17492,1.80956)(-0.375185,0.925314)(-0.0887063,0.464988)
(304,0)(-215.337,-57.1231)(-26.1797,-25.5367)(-3.60514,-6.98516)(-0.307898,-1.94581)(0.0770267,-0.508733)(0.0572408,-0.126054)(0.023706,-0.029892)(0.00826773,-0.00687418)
(241,0)(-237.812,-44.6529)(-63.1804,-31.6876)(-19.3963,-17.2393)(-5.89453,-8.9113)(-1.48122,-4.47165)(-0.107193,-2.17028)(0.233073,-1.00892)(0.246471,-0.441808)
(902,0)(-1255.11,-34.788)(-523.753,59.4538)(-264.798,63.4672)(-147.382,54.7679)(-86.1147,45.6864)(-51.1324,37.6572)(-30.0441,30.7071)(-16.9365,24.7397)
(1032,0)(-871.247,-608.513)(-92.6174,-254.896)(23.8397,-89.4332)(28.6494,-23.0475)(17.9059,0.811648)(7.43521,7.98768)(-0.0381716,7.89673)(-3.94688,4.63543)
(269,0)(-192.196,-122.874)(-17.9419,-33.1174)(0.793587,-10.0363)(1.73859,-2.36954)(0.870913,-0.337472)(0.305889,0.0620177)(0.0775358,0.0757117)(0.00853281,0.0377957)
(252,0)(-248.288,-114.819)(-60.4514,-52.0263)(-14.8614,-25.317)(-2.35952,-11.9276)(0.717292,-5.31242)(1.08187,-2.20105)(0.802603,-0.823594)(0.484253,-0.258299)
(264,0)(-189.291,-192.231)(14.0711,-68.8387)(20.7401,-10.5762)(7.97896,3.54657)(0.885477,3.35586)(-0.849657,1.14237)(-0.594844,0.018396)(-0.161571,-0.192774)
(247,0)(-243.789,-179.272)(-29.8772,-102.85)(17.2082,-44.8378)(20.5153,-12.7539)(12.9494,1.19808)(5.40108,4.94491)(0.761269,4.18966)(-1.15055,2.26154)
(858,0)(-1191.79,-505.332)(-386.01,-466.134)(-77.3182,-344.471)(56.7961,-223.337)(106.752,-121.126)(110.739,-42.9726)(90.0339,10.2125)(58.6525,40.1917)
(3660,0)(-107.599,-5034.63)(1680.56,-66.5676)(41.1183,764.838)(-304.186,25.4547)(-8.83985,101.921)(-438.09,14.1496)(-43.2814,-715.26)(913.659,-75.2425)
(979,0)(234.704,-1109.05)(208.873,192.611)(-76.5751,48.373)(-10.5847,-33.4895)(13.9132,-0.886869)(-0.645374,5.68889)(-2.40609,-0.568302)(0.333288,-1.09123)
(978,0)(-295.005,-1105.09)(195.079,-221.628)(88.1804,36.3564)(-2.91111,37.0857)(-14.5327,3.27247)(-2.69252,-5.50266)(2.14455,-1.54122)(0.813002,0.909615)
(857,0)(210.036,-1437.45)(672.781,288.554)(-277.756,366.454)(-203.373,-251.233)(220.983,-101.942)(33.4794,188.909)(-155.773,-14.0355)(46.4723,-122.353)
(846,0)(-258.969,-1417.66)(652.579,-331.076)(313.461,341.62)(-173.977,279.081)(-240.157,-69.3051)(-0.575138,-199.012)(156.882,-47.4838)(77.2789,115.048)
(3084,0)(-3354.75,-4215.42)(498.199,-2200.32)(1138.52,-547.053)(759.846,347.786)(282.141,735.478)(-391.031,923.328)(-1366.56,499.909)(-1836.77,-1026.22)
(900,0)(-761.99,-1024.47)(112.054,-311.996)(143.333,-46.0972)(58.8271,42.8584)(0.667403,38.9881)(-17.3312,13.5069)(-12.4729,-3.33355)(-2.94403,-7.24098)
(791,0)(-1100.99,-899.681)(-263.551,-612.307)(58.9471,-386.048)(170.233,-193.98)(172.988,-51.5662)(125.346,33.8012)(65.4304,68.4958)(15.7235,67.7414)
(750,0)(-631.143,-1255.7)(520.573,-485.854)(399.746,206.788)(-40.168,316.949)(-235.237,52.0195)(-98.5149,-159.999)(95.781,-114.949)(112.112,45.0089)
(643,0)(-890.056,-1076.18)(155.04,-878.166)(621.041,-361.825)(611.865,217.461)(221.746,587.864)(-309.217,556.311)(-653.796,129.845)(-560.962,-445.206)
(6611,0)(-15956.2,-4995.57)(-7839.69,-6083.44)(-4262.9,-7976.39)(816.308,-10250.9)(12928,-10273.1)(37780.3,2632.04)(76360.1,54461.6)(106840,193731)
(2454,0)(-5250.4,-740.041)(-2633.33,-738.487)(-1770.87,-752.827)(-1289.17,-759.92)(-786.012,-727.254)(-109.796,-550.48)(903.059,-38.5988)(2347.8,1104.08)
(736,0)(-1423.65,-35.904)(-593.799,64.6578)(-353.973,38.3882)(-239.634,30.0679)(-172.503,22.1034)(-130.015,15.4308)(-101.245,9.95652)(-80.9147,5.4584)
(544,0)(-1344.19,-21.5653)(-922.671,62.9644)(-799.329,100.157)(-775.208,139.216)(-799.75,191.016)(-856.134,261.082)(-938.189,355.649)(-1043.57,482.878)
(685,0)(-1325.58,-407.883)(-462.539,-456.657)(-171.383,-369.649)(-21.7375,-290.636)(60.4595,-211.558)(99.8413,-139.895)(111.646,-79.9259)(106.283,-33.478)
(489,0)(-1209.85,-289.133)(-768.069,-459.331)(-553.177,-599.965)(-370.667,-748.039)(-156.871,-899.337)(122.739,-1035.22)(491.566,-1124.82)(963.331,-1122.79)
(1196,0)(-3844.49,-372.77)(-2957.3,-583.435)(-3059.77,-920.298)(-3529.38,-1443.81)(-4180.94,-2243.67)(-4787.74,-3386.62)(-4686.96,-4767.43)(-2289.7,-5680.26)
(364,0)(-1097.74,-17.6107)(-754.232,49.2588)(-723.052,55.443)(-781.575,73.3218)(-900.784,94.9672)(-1082.84,121.482)(-1340.76,153.09)(-1697.6,189.161)
(242,0)(-864.527,-11.4329)(-831.705,37.8534)(-1027.27,82.5903)(-1424.91,162.231)(-2106.1,316.286)(-3237.55,615.062)(-5109.01,1193.19)(-8210.82,2309.19)
(350,0)(-1058.85,-205.337)(-684.722,-368.7)(-573.407,-506.926)(-490.032,-696.008)(-377.172,-933.646)(-195.887,-1223.51)(97.2323,-1563.27)(555.058,-1941.07)
(240,0)(-854.99,-140.57)(-789.378,-317.891)(-894.694,-591.56)(-1075.51,-1072.08)(-1268.8,-1912.29)(-1349.83,-3353.69)(-1035.27,-5769.31)(285.709,-9703.83)
(1982,0)(-4288.33,-2709.32)(-1368.71,-2823.49)(261.345,-2589.92)(1479.25,-1923.21)(2394.64,-753.831)(2725.9,1129.69)(1631.31,3843.49)(-2509,6570.09)
(586,0)(-1135.22,-665.5)(-328.667,-521.824)(-15.0753,-436.609)(159.671,-304.559)(246.542,-155.639)(259.025,-9.21643)(209.926,113.344)(116.503,193.16)
(502,0)(-1242.58,-570.034)(-730.27,-659.901)(-422.227,-802.501)(-120.351,-932.69)(230.842,-1012.2)(645.282,-1000)(1111.29,-849.558)(1592.63,-513.042)
(509,0)(-983.19,-855.201)(9.26807,-834.506)(499.537,-481.937)(652.539,13.4894)(448.756,471.415)(-18.9066,671.186)(-515.648,484.47)(-755.024,-25.449)
(385,0)(-955.683,-645.017)(-344.231,-909.466)(256.281,-1013.45)(953.119,-826.373)(1619.09,-170.262)(1920.59,1063.45)(1338.68,2745.37)(-687.488,4296.36)
(979,0)(-3189.19,-1361.22)(-2369.12,-2827.36)(-1155.07,-4769.38)(1592.85,-7118.52)(7292.65,-9016.51)(17543.3,-7993.55)(33066.7,1281.91)(50846.9,28297.3)
(5996,0)(-2962.67,-15988.2)(9899.5,-3607.1)(4645.96,8354.78)(-5806.62,5727.97)(-4819.08,3950.45)(-32774.1,7187.1)(-57754.2,-103233)(249159,-216538)
(2234,0)(-50.5454,-5428.42)(3179.09,-57.8952)(83.8979,2528.17)(-2231.89,111.611)(-143.191,-1891.12)(1249.68,-168.829)(164.008,-114.989)(2822.26,77.7578)
(659,0)(159.897,-1462.79)(691.661,266.044)(-253.751,449.018)(-319.689,-253.162)(249.142,-234.204)(172.827,243.222)(-236.063,126.085)(-89.4025,-228.231)
(624,0)(-185.717,-1386.58)(649.816,-288.023)(277.043,413.194)(-283.803,276.059)(-270.84,-196.025)(131.275,-262.964)(253.187,80.619)(-39.6961,242.159)
(472,0)(117.914,-1302.47)(971.177,259.376)(-391.133,901.273)(-915.488,-568.686)(818.549,-960.814)(1006.18,1167.67)(-1649.18,1018.19)(-948.901,-2303.19)
(479,0)(-146.456,-1321.82)(980.228,-301.888)(451.579,898.844)(-894.504,652.48)(-931.559,-908.486)(902.067,-1314.92)(1832.43,831.202)(-633.557,2516.44)
(1914,0)(-2059.59,-4626.17)(2153.78,-2376.71)(2617.22,879.92)(226.27,2653)(-2337.59,1434.72)(-2720.67,-1292.68)(-1146.8,-3667.03)(2870.89,-5700.34)
(616,0)(-521.37,-1363.23)(587.128,-449.245)(468.134,294.136)(-99.4152,452.237)(-412.353,56.8487)(-186.12,-345.182)(250.454,-288.682)(359.239,130.927)
(512,0)(-710.489,-1137.03)(259.358,-818.151)(686.806,-226.19)(557.733,406.21)(-4.7525,698.267)(-598.408,421.262)(-739.37,-261.394)(-231.456,-820.426)
(432,0)(-363.406,-1194.55)(855.09,-445.813)(617.113,725.96)(-631.276,849.823)(-1146.69,-505.302)(299.237,-1512.73)(1947.66,-39.5128)(575.304,2440.87)
(354,0)(-489.127,-977.958)(539.77,-775.045)(1033.07,123.897)(463.264,1200.04)(-1112.34,1284.87)(-2285.67,-519.08)(-883.419,-3212.89)(3507.98,-3343.1)
(987,0)(-23.4591,-3498.01)(3571.66,426.94)(-998.778,4491.87)(-6258.21,-2033.82)(4060.78,-9192.49)(13842.4,8048.57)(-15842.1,20985.6)(-31552.3,-30948.4)
(861,0)(-950.623,-3062.42)(2747.45,-2231.98)(4246.42,2438.7)(-1184.56,7491.12)(-12300.3,2626.04)(-11990.8,-18247.9)(22599.8,-32012)(70135.9,16922.2)
(2438,0)(-5929.15,-6528.57)(644.475,-7333.84)(6128.55,-4598.19)(8335.41,1715.62)(6263.34,9965.67)(-4826.26,25984.2)(-71805.6,51332.7)(-306825,-58171.5)
(1138,0)(-2454.96,-2758.71)(323.039,-2876.66)(2510.01,-1791.55)(3603.26,797.988)(2404.42,4181.38)(-2023.54,6550.72)(-9656.07,4793.36)(-17765.9,-6359.85)
(379,0)(-732.516,-840.042)(104.393,-704.93)(562.329,-358.902)(668.393,198.904)(322.854,713.147)(-384.174,835.501)(-1071.55,312.91)(-1168.79,-751.185)
(286,0)(-709.614,-637.868)(-176.214,-786.613)(387.846,-800.698)(999.399,-477.844)(1429.82,329.436)(1257.26,1578.44)(4.53493,2845.48)(-2530.88,3203.46)
(262,0)(-506.658,-724.183)(339.089,-685.375)(856.479,-77.0318)(652.136,873.082)(-543.71,1364.95)(-2027.25,347.47)(-1940.23,-2224.7)(1305.15,-4108)
(211,0)(-525.79,-582.777)(78.5527,-801.603)(850.063,-633.142)(1537.65,300.016)(1284.09,2115.36)(-1153.57,3914.07)(-6238.38,3031.46)(-11203.7,-4464.81)
(547,0)(-1785.22,-1351.95)(-1043.63,-2148.09)(290.92,-3203.52)(2930.72,-3907.37)(7305.04,-2899.43)(12857.5,2189.69)(16667.3,14398.7)(11726,35655.4)
(503,0)(-1101.81,-1784.79)(1369.09,-1864.64)(3164.21,592.397)(1358.12,4860.44)(-6286.54,5577.69)(-13355.4,-5591.95)(-1199.31,-25444.8)(40180.9,-21172.4)
(250,0)(-817.18,-887.126)(127.988,-1679.98)(2327.33,-1857.42)(5832.57,865.453)(7084.91,10282.9)(-5926.82,26999.5)(-54292.5,32258.1)(-141939,-41077.7)
(1484,0)(-6065.63,-1691.19)(-1894.43,-2371.55)(1313.86,-1185.65)(25.3065,5698.02)(-6473.25,21098)(-14776.4,63117.9)(44006.9,320721)(171554,1.90487e+06)
(1024,0)(-4490.29,-803.526)(-3910.67,-1495.73)(-4628.44,-2794.93)(-6296,-4887.37)(-8202.9,-7994.37)(-7946.61,-10188.2)(8878.6,4012.87)(93661.7,114722)
(440,0)(-1910.61,-136.431)(-1823.75,-20.5325)(-2472.65,-154.307)(-3793.81,-383.91)(-6185.2,-948.494)(-10504.7,-2275.12)(-18319.7,-5333.76)(-32530.5,-12299.5)
(117,0)(-636.619,-38.3432)(-954.212,-23.231)(-1816.36,-31.9896)(-3880.96,-55.2263)(-8844.2,-67.8344)(-20983.2,59.9755)(-51170.2,888.221)(-127287,4554.62)
(381,0)(-1646.48,-531.899)(-1300.74,-1299.95)(-1071.95,-2397.49)(-234.411,-4262.92)(2200.12,-7017.07)(7980.81,-10441.4)(20146.3,-13187.8)(43497.2,-11209.3)
(86,0)(-465.002,-121.38)(-631.569,-407.303)(-958.136,-1144.63)(-1286.77,-3064.28)(-754.93,-7861.63)(4064.3,-19141.5)(24688.4,-43388.3)(95911.8,-87984.6)
(45,0)(-306.996,-39.7443)(-606.353,-66.6443)(-1474.29,-190.325)(-3987.85,-641.994)(-11467.7,-2207.92)(-34240.1,-7561.3)(-104862,-25745.7)(-327262,-87218.5)
(396,0)(-1877.2,-1147.95)(-606.021,-2918.97)(2166.38,-4489.49)(8421.01,-4670.35)(19501.7,1819.69)(32428.5,24897.9)(34416.2,80907)(-12292.8,197103)
(19,0)(-130.251,-56.4412)(-200.57,-243.232)(-196.789,-853.47)(634.342,-2641.9)(5813.19,-6879.17)(28766.8,-12110.4)(111418,8583.23)(348643,216782)
(1092,0)(-1106.11,-4984.24)(1977.23,-876.346)(699.411,-1089.18)(-739.384,-5701.18)(23545.9,-6184.14)(31306.9,71890.6)(-287236,54644.7)(-11640.7,-1.38055e+06)
(710,0)(-378.122,-3539.63)(3536.79,63.7757)(777.42,5284.71)(-9320.44,2394.67)(-7183.2,-17169.9)(33358,-20354.3)(55094.1,66243.6)(-132487,145589)
(342,0)(-896.419,-1710.92)(874.762,-2459.38)(4292.02,-1004.97)(5990.77,6238.08)(-5121.26,17144.2)(-37697.2,6942.71)(-48993.9,-70411.1)(110511,-170545)
(30,0)(-16.2615,-215.366)(445.123,-5.87114)(-18.4947,1137.32)(-3235.66,-120.647)(600.707,-9777.06)(30611.5,2797.09)(-12502.6,97984)(-318077,-54216.6)
(10,0)(-26.7946,-69.9278)(115.178,-118.756)(427.448,154.762)(101.216,1382.42)(-3942.18,2135.19)(-11996.1,-9056.29)(10942.1,-50374.1)(174857,-39888.2)
(51,0)(-272.217,-284.409)(38.7254,-1034.9)(2477.67,-2234.34)(11768.6,749.978)(28847.3,33322.8)(-12615.3,170289)(-509275,445591)(-2.71224e+06,-121803)
